Job ID,Job URL,Job Title,Company Name,Status,Timestamp,WP ID
99b680cc292b5aaf,https://in.linkedin.com/jobs/view/executive-n-materials-vizag-at-asian-paints-4436744221,EXECUTIVE N- MATERIALS (Vizag),,scraped,2026-07-07T00:37:57.106232,
480c3942659e2941,https://in.linkedin.com/jobs/view/manager-%E2%80%93-administration-facility-at-air-india-sats-airport-services-private-limited-aisats-4436059855,Manager – Administration & Facility,Air India SATS Airport Services Private Limited (AISATS),posted,2026-07-07T00:39:55.222470,21
37204d9a8e8ac26e,https://in.linkedin.com/jobs/view/area-sales-executive-at-britannia-industries-limited-4436940769,Area Sales Executive,,scraped,2026-07-07T00:39:57.686605,
08d3b69f18f41abc,https://in.linkedin.com/jobs/view/area-sales-executive-at-britannia-industries-limited-4436957157,Area Sales Executive,,scraped,2026-07-07T00:41:08.782427,
68aca80a5347476a,https://in.linkedin.com/jobs/view/executive-associate-warehouse-at-lupin-4435798680,Executive Associate - Warehouse,,scraped,2026-07-07T00:42:20.151413,
e7a4b23ca00e6648,https://in.linkedin.com/jobs/view/regional-marketing-manager-hyd-at-aditya-birla-capital-4437116579,Regional Marketing Manager - Hyd,,scraped,2026-07-07T00:42:28.299271,
ba462a0290dfcc49,https://in.linkedin.com/jobs/view/executive-sr-executive-talent-acquisition-at-meril-4437163301,Executive/Sr. Executive - Talent Acquisition,,scraped,2026-07-07T00:42:37.933085,
3d2b3499d4e3e38a,https://in.linkedin.com/jobs/view/executive-%E2%80%93-qc-analytical-at-lupin-4435780605,Executive – QC Analytical,,scraped,2026-07-07T00:42:44.424097,
d14c5484cae8e060,https://in.linkedin.com/jobs/view/research-associate-at-lupin-4436088516,Research Associate,,scraped,2026-07-07T00:42:52.512460,
83fce0d77af61c32,https://in.linkedin.com/jobs/view/financial-planning-and-analysis-senior-manager-at-air-india-sats-airport-services-private-limited-aisats-4436061956,Financial Planning and Analysis Senior Manager,Air India SATS Airport Services Private Limited (AISATS),posted,2026-07-07T00:44:48.941681,23
11e46c060c9613c9,https://in.linkedin.com/jobs/view/proposal-manager-at-linkedin-4437414050,Proposal Manager,Linkedin,posted,2026-07-07T00:44:58.860781,25
370a554508324c3a,https://in.linkedin.com/jobs/view/cluster-manager-tpd-axis-raipur-at-aditya-birla-capital-4437115605,Cluster Manager - TPD Axis - Raipur,,scraped,2026-07-07T00:45:01.570158,
e7549d3c8e1223ae,https://in.linkedin.com/jobs/view/research-associate-%E2%80%93-in-process-analytics-at-lupin-4436090472,Research Associate – In Process Analytics,,scraped,2026-07-07T00:45:11.000922,
7505065f7324edfd,https://in.linkedin.com/jobs/view/branch-manager-gold-loans-ghaziabad-at-aditya-birla-capital-4436933055,Branch Manager - Gold Loans - Ghaziabad,,scraped,2026-07-07T00:45:19.042132,
792c164c941266ee,https://in.linkedin.com/jobs/view/manager-india-prime-at-tata-communications-4436014111,Manager - India Prime,,scraped,2026-07-07T00:45:28.519349,
c0e3d0af76f6b014,https://in.linkedin.com/jobs/view/safety-manager-mro-engineering-at-air-india-sats-airport-services-private-limited-aisats-4436200069,Safety Manager MRO Engineering,Air India SATS Airport Services Private Limited (AISATS),posted,2026-07-07T00:47:23.702547,27
ade13ac8abe0bc22,https://in.linkedin.com/jobs/view/cluster-manager-hdfc-bank-ludhiana-at-aditya-birla-capital-4437466667,Cluster Manager - HDFC Bank - Ludhiana,,scraped,2026-07-07T00:47:26.352495,
efe09d7e5eb430e2,https://in.linkedin.com/jobs/view/officer-at-lupin-4436084741,Officer,,scraped,2026-07-07T00:47:36.070889,
a34a6734e2eaeef0,https://in.linkedin.com/jobs/view/investment-banking-head-from-fintech-industry-at-career-bloc-4436074843,INVESTMENT BANKING HEAD ( FROM FINTECH INDUSTRY),CAREER BLOC,posted,2026-07-07T00:47:51.502223,29
c1a9b82b15e0c586,https://in.linkedin.com/jobs/view/academic-counselor-upto-5lpa-at-mg-4436074861,Academic Counselor (upto 5lpa),MG,posted,2026-07-07T00:48:00.787242,31
a1bc725db5970ae1,https://in.linkedin.com/jobs/view/tsr-dul-at-blue-dart-4436754041,TSR-DUL,Blue Dart,posted,2026-07-07T00:49:42.354855,33
67b8981f118db82f,https://in.linkedin.com/jobs/view/technical-recruiter-at-lorven-technologies-inc-4432794098,Technical Recruiter,Lorven Technologies Inc.,posted,2026-07-07T00:49:52.739653,35
13e1d405b624dc43,https://in.linkedin.com/jobs/view/pickup-boy-at-kp-india-facility-management-private-limited-4433768932,Pickup boy,KP INDIA FACILITY MANAGEMENT PRIVATE LIMITED,posted,2026-07-07T00:50:03.589527,37
a801bbebe0ffd817,https://in.linkedin.com/jobs/view/workday-at-virtusa-4432771055,Workday,Virtusa,posted,2026-07-07T00:50:13.428409,39
6b6d269a477a2076,https://in.linkedin.com/jobs/view/public-relations-officer-pro-at-parul-sevashram-hospital-4436092443,Public Relations Officer (PRO),Parul Sevashram Hospital,posted,2026-07-07T00:50:49.823658,41
85204340d2a14447,https://in.linkedin.com/jobs/view/team-member-ept-at-adani-enterprises-limited-4426387153,Team Member EPT,,scraped,2026-07-07T00:50:52.550005,
49ffa9761eb62b7e,https://in.linkedin.com/jobs/view/kitchen-porter-at-nhs-scotland-4435483239,Kitchen Porter,,scraped,2026-07-07T00:51:00.210851,
bc0d8716100b4ac2,https://in.linkedin.com/jobs/view/billing-manager-at-docdort-4434613376,Billing Manager,,scraped,2026-07-07T00:51:06.915538,
ba6a9dac9ca77afe,https://in.linkedin.com/jobs/view/senior-territory-service-representative-at-blue-dart-4435816306,Senior Territory Service Representative,Blue Dart,posted,2026-07-07T00:51:48.929873,43
612abb3eba81a426,https://in.linkedin.com/jobs/view/executive-housekeeper-at-hyatt-regency-4436490769,Executive Housekeeper,Hyatt Regency,posted,2026-07-07T00:51:59.173690,45
4d64cebfed5761ae,https://in.linkedin.com/jobs/view/western-dance-teacher-at-bloomingdale-international-school-4437136501,Western Dance Teacher,Bloomingdale International School,posted,2026-07-07T00:52:10.097279,47
528a72037f5be405,https://in.linkedin.com/jobs/view/butler-at-fairmont-hotels-resorts-4434602845,Butler,Fairmont Hotels &amp; Resorts,posted,2026-07-07T00:52:19.730894,49
f3d46767c9476ac9,https://in.linkedin.com/jobs/view/rm-at-vashi-integrated-solutions-4437480380,RM,,scraped,2026-07-07T00:52:22.457809,
4e569276fb25f2b3,https://in.linkedin.com/jobs/view/bellman-at-accor-4435463004,Bellman,Accor,posted,2026-07-07T00:53:44.358405,51
f87da19d4639fd14,https://in.linkedin.com/jobs/view/application-packaging-saturday-online-drive-at-tata-consultancy-services-4436962102,Application Packaging Saturday Online Drive,Tata Consultancy Services,posted,2026-07-07T00:53:57.870030,53
5880852e5b0b316b,https://in.linkedin.com/jobs/view/house-keeping-incharge-at-rathinam-global-university-4436488642,House Keeping - Incharge,Rathinam Global University,posted,2026-07-07T00:55:13.550364,55
fa4a4aa9267b8eb8,https://in.linkedin.com/jobs/view/walk-in-interviews-nashik-at-wns-4437145305,Walk in Interviews Nashik,WNS,posted,2026-07-07T00:55:23.410075,57
29dbffd0a76754e1,https://in.linkedin.com/jobs/view/acquisition-manager-at-ujjivan-small-finance-bank-4436995167,Acquisition Manager,,scraped,2026-07-07T00:55:26.060402,
1d70cfefb08fb96b,https://in.linkedin.com/jobs/view/sharepoint-developer-at-hcltech-4433177827,Sharepoint Developer,,scraped,2026-07-07T00:55:33.584387,
3fc058ac41abb683,https://in.linkedin.com/jobs/view/retainers-at-eclerx-4436933960,Retainers,,scraped,2026-07-07T00:56:44.138098,
72430eb956f28b40,https://in.linkedin.com/jobs/view/assistant-4433781225,Assistant,The swasthya bethak,posted,2026-07-07T00:56:57.110856,59
f0d07dcada755b2f,https://in.linkedin.com/jobs/view/admission-officer-oakridge-international-school-visakhapatnam-at-guardian-jobs-4434930886,"Admission Officer, OAKRIDGE INTERNATIONAL SCHOOL VISAKHAPATNAM",,scraped,2026-07-07T00:56:59.773694,
a6fff742a00645ed,https://in.linkedin.com/jobs/view/to-sell-my-commercial-property-in-india-at-love-original-designs-4436756904,To sell my commercial property in India,Love Original Designs,posted,2026-07-07T00:57:13.398841,61
727e938342a0a6e1,https://in.linkedin.com/jobs/view/ebs-hrms-consultant-mysore-at-ltm-4433963153,EBS HRMS Consultant (Mysore),LTM,posted,2026-07-07T00:57:22.868183,63
ea1e75461fce50e1,https://in.linkedin.com/jobs/view/quality-inspector-at-qima-4406525328,Quality Inspector,,scraped,2026-07-07T00:57:25.300749,
59d085d9898505dd,https://in.linkedin.com/jobs/view/campus-manager-at-jain-school-of-future-technology-4432336444,Campus Manager,,scraped,2026-07-07T00:57:31.948288,
1b43a773b87e96a5,https://in.linkedin.com/jobs/view/programme-delivery-officer-at-sip-academy-india-pvt-ltd-4437182273,Programme delivery Officer,,scraped,2026-07-07T00:57:41.398991,
16beea8b8d75e3d7,https://in.linkedin.com/jobs/view/junior-officer-at-dana-incorporated-4340713677,Junior Officer,Dana Incorporated,posted,2026-07-07T00:57:56.783731,65
d7a14ee1a6f2c988,https://in.linkedin.com/jobs/view/contract-administrator-at-fluor-corporation-4417044658,Contract Administrator,Fluor Corporation,posted,2026-07-07T00:58:05.977562,67
662c1baea9de3ec8,https://in.linkedin.com/jobs/view/us-it-recruiter-at-new-york-technology-partners-4428108364,US IT Recruiter,New York Technology Partners,posted,2026-07-07T00:58:16.476527,69
a1ea6b2430eed555,https://in.linkedin.com/jobs/view/ehs-incharge-site-at-larsen-toubro-4436728459,EHS Incharge - Site,,scraped,2026-07-07T00:58:19.000803,
3dc7ba0965450038,https://in.linkedin.com/jobs/view/chief-operating-officer-at-hdfc-sky-4437100002,Chief Operating Officer,,scraped,2026-07-07T00:58:26.140448,
60b25c51089f6e35,https://in.linkedin.com/jobs/view/assistant-manager-distribution-planning-at-unilever-4436098039,Assistant Manager Distribution Planning,Unilever,posted,2026-07-07T00:59:45.931755,71
0de49ed684f0d7c8,https://in.linkedin.com/jobs/view/manager-finance-at-walmart-global-tech-india-4436096326,"Manager, Finance",,scraped,2026-07-07T00:59:48.625249,
e7903f93d97bd3aa,https://in.linkedin.com/jobs/view/junior-market-research-trainee-in-mumbai-at-hansa-research-group-4436796926,Junior Market Research Trainee in Mumbai,,scraped,2026-07-07T00:59:55.518352,
b19428d2eed2a1e9,https://in.linkedin.com/jobs/view/team-assistant-compliance-aml-at-american-express-4436084867,Team Assistant-Compliance/AML,American Express,posted,2026-07-07T01:00:12.835983,73
c193c36de411afcc,https://in.linkedin.com/jobs/view/pf-projects-process-kiln-at-ultratech-cement-4436748608,PF Projects (Process Kiln ),,scraped,2026-07-07T01:00:15.468512,
0233a7887559a3fa,https://in.linkedin.com/jobs/view/product-manager-at-cvent-4436070730,Product Manager,Cvent,posted,2026-07-07T01:00:29.767881,75
e3c5c26db3f70882,https://in.linkedin.com/jobs/view/administrative-executive-at-tp-4436945998,Administrative Executive,,scraped,2026-07-07T01:00:32.518162,
09108bf4fd7c4932,https://in.linkedin.com/jobs/view/analyst-fp-a-commercial-at-azurity-pharmaceuticals-4437171424,Analyst FP&A - Commercial,,scraped,2026-07-07T01:01:44.011207,
c1eba758342a5d31,https://in.linkedin.com/jobs/view/team-assistant-compliance-aml-at-american-express-4436093581,Team Assistant-Compliance/AML,,scraped,2026-07-07T01:01:52.243289,
9349267ce37479d0,https://in.linkedin.com/jobs/view/inside-sales-internship-in-gurgaon-noida-at-openhouse-4436966598,"Inside Sales Internship in Gurgaon, Noida",,scraped,2026-07-07T01:03:02.855903,
ee4569c59d2e10ba,https://in.linkedin.com/jobs/view/chief-of-staff-strategy-at-vedanta-group-4437151007,CHIEF OF STAFF & STRATEGY,,scraped,2026-07-07T01:03:10.831880,
9f6c80ffd9b13fd7,https://in.linkedin.com/jobs/view/graphic-designer-at-clinikally-yc-s22-4435786146,Graphic Designer,,scraped,2026-07-07T01:03:18.545448,
6b743bacc8618850,https://in.linkedin.com/jobs/view/accounting-and-reporting-analyst-at-abb-4436758819,Accounting and Reporting Analyst,,scraped,2026-07-07T01:04:29.993844,
57122f523eadf8ca,https://in.linkedin.com/jobs/view/quality-control-engineer-at-ultratech-cement-4436957361,Quality Control Engineer,,scraped,2026-07-07T01:04:36.589852,
200659799de4bf07,https://in.linkedin.com/jobs/view/senior-inside-sales-representative-at-lenovo-4435474558,Senior Inside Sales Representative,Lenovo,posted,2026-07-07T01:05:55.946858,77
b81dad6779ca66e5,https://in.linkedin.com/jobs/view/financial-analyst-i-foaa-at-amazon-4436767853,"Financial Analyst I, FOAA",Amazon,posted,2026-07-07T01:06:05.525066,79
dae4d5815bcc7b76,https://in.linkedin.com/jobs/view/data-analyst-at-vegrow-4437193216,Data Analyst,,scraped,2026-07-07T01:06:08.266682,
53465eff55a309cf,https://in.linkedin.com/jobs/view/financial-director-at-peoplefy-4437141374,Financial Director,,scraped,2026-07-07T01:06:15.273280,
f175626ec441b9a6,https://in.linkedin.com/jobs/view/planning-manager-at-docdort-4434615285,Planning Manager,,scraped,2026-07-07T01:06:23.148804,
9f26ebe5dd8b57d6,https://in.linkedin.com/jobs/view/%E9%94%80%E5%94%AE%E9%A1%BE%E9%97%AE-at-etutor-education-4436213524,销售顾问,eTutor Education,failed|wp_post_failed,2026-07-07T01:06:33.604437,
7bc7eec77496222b,https://in.linkedin.com/jobs/view/career-advancement-officer-%E2%80%93-cap-services-office-based-fixed-salary-%2B-incentives-at-vrinda-international-4436081260,Career Advancement Officer – CAP Services (Office-Based) | Fixed Salary + Incentives,VRINDA INTERNATIONAL,posted,2026-07-07T01:06:47.612657,81
eb438687224d8b65,https://in.linkedin.com/jobs/view/junior-executive-maintenance-at-kone-3771056506,Junior Executive - Maintenance,,scraped,2026-07-07T01:06:50.227270,
4477c2a75c63c5d8,https://in.linkedin.com/jobs/view/fundraiser-at-united-for-animal-welfare-4436252063,Fundraiser,,scraped,2026-07-07T01:06:57.263123,
8af713ce6321aadb,https://in.linkedin.com/jobs/view/jr-customer-support-executive-at-teknika-solutions-4435559139,Jr Customer Support Executive,TEKNIKA SOLUTIONS,posted,2026-07-07T01:07:14.314377,83
7eb61369fc2738db,https://in.linkedin.com/jobs/view/operations-executive-at-udyogwardhini-4435418569,Operations Executive,,scraped,2026-07-07T01:07:16.632415,
68483c84bd54d704,https://in.linkedin.com/jobs/view/upwork-bidder-online-bidding-executive-at-99graphics-design-pvt-ltd-4432752385,Upwork Bidder / Online Bidding Executive,,scraped,2026-07-07T01:08:28.064113,
8423a6a02a793159,https://in.linkedin.com/jobs/view/am-fwa-jaipur-at-aditya-birla-capital-4388130305,AM - FWA (Jaipur),,scraped,2026-07-07T01:08:36.213929,
69bc5e45638f5326,https://in.linkedin.com/jobs/view/maintenance-supervisor-at-parksons-packaging-ltd-4435431571,Maintenance Supervisor,,scraped,2026-07-07T01:08:45.584025,
5859f086eb32d162,https://in.linkedin.com/jobs/view/ghostdraft-staff-at-ey-4436064814,Ghostdraft-Staff,EY,posted,2026-07-07T01:10:09.182462,85
e9f7875a0d2acf02,https://in.linkedin.com/jobs/view/j-k-police-recruitment-2024-check-details-at-the-kashmir-monitor-4434610220,J&K Police Recruitment 2024: Check Details,,scraped,2026-07-07T01:10:12.141962,
a2380fc56b11bbef,https://in.linkedin.com/jobs/view/bartender-at-hyatt-regency-4426513529,Bartender,Hyatt Regency,posted,2026-07-07T01:10:30.267560,87
b7fab8549e300f43,https://in.linkedin.com/jobs/view/site-operation-at-jakson-group-4437179495,Site Operation,,scraped,2026-07-07T01:10:32.816041,
678baa117e415f57,https://in.linkedin.com/jobs/view/oracle-netsuite-at-tata-consultancy-services-4432322680,Oracle Netsuite,Tata Consultancy Services,posted,2026-07-07T01:11:57.897780,89
a4365a50f1352288,https://in.linkedin.com/jobs/view/document-controller-at-smec-an-sj-group-company-4414916543,Document Controller,SMEC (an SJ Group company),posted,2026-07-07T01:12:11.021797,91
83569fa0602376ee,https://in.linkedin.com/jobs/view/adobe-work-front-and-fusion-at-tata-consultancy-services-4432347911,Adobe Work Front and Fusion,Tata Consultancy Services,posted,2026-07-07T01:13:28.052479,93
11515564f3b256dd,https://in.linkedin.com/jobs/view/web-developer-at-accenture-in-india-4436771637,Web Developer,Accenture in India,posted,2026-07-07T01:13:38.991352,95
137872a6280e7cf7,https://in.linkedin.com/jobs/view/tsr-ovl-at-blue-dart-4436742457,TSR-OVL,Blue Dart,posted,2026-07-07T01:14:16.488455,97
296c529d1c18a143,https://in.linkedin.com/jobs/view/mega-walkin-drive-for-sap-fiori-on-11-jul-26-hyderabad-deccan-park-at-tata-consultancy-services-4437177050,Mega Walkin Drive for SAP Fiori on 11-Jul-26 Hyderabad Deccan Park,Tata Consultancy Services,posted,2026-07-07T01:14:28.485786,99
2c128f7a79d614ef,https://in.linkedin.com/jobs/view/cashier-at-ujjivan-small-finance-bank-4437106110,Cashier,,scraped,2026-07-07T01:14:31.131682,
51355a38dd00afa0,https://in.linkedin.com/jobs/view/senior-officer-%E2%80%93-arff-at-adani-airport-holdings-ltd-4417130790,Senior Officer – ARFF,,scraped,2026-07-07T01:14:39.173316,
d56c2b2fd41303d2,https://in.linkedin.com/jobs/view/brandon-kaas-at-chambersburg-fire-department-4436173658,BRANDON KAAS,,scraped,2026-07-07T01:14:47.062556,
028bc3f3fe4ba7f3,https://in.linkedin.com/jobs/view/upsc-recruitment-check-posts-eligibility-and-how-to-apply-at-the-kashmir-monitor-4434615193,"UPSC recruitment: Check posts, eligibility, and how to apply",,scraped,2026-07-07T01:15:02.077418,
e283d2cc5fae4680,https://in.linkedin.com/jobs/view/admin-officer-at-jakson-group-4437174793,Admin Officer,,scraped,2026-07-07T01:15:08.869231,
0e5c00b0b813c1d2,https://in.linkedin.com/jobs/view/computer-operator-at-smec-an-sj-group-company-4414918549,Computer Operator,SMEC (an SJ Group company),posted,2026-07-07T01:15:28.388283,101
15cfb432eed678ca,https://in.linkedin.com/jobs/view/assistant-at-adani-airport-holdings-ltd-4426229811,Assistant,,scraped,2026-07-07T01:15:31.280404,
7024144c8544dcda,https://in.linkedin.com/jobs/view/assistant-at-adani-airport-holdings-ltd-4426248511,Assistant,,scraped,2026-07-07T01:15:38.870873,
07e4b12918c8af47,https://in.linkedin.com/jobs/view/gerente-%E2%80%93-com-detalhes-pessoais-at-hyatt-regency-4425970875,Gerente – com detalhes pessoais,Hyatt Regency,posted,2026-07-07T01:17:14.301289,103
a895acc25d0ba787,https://in.linkedin.com/jobs/view/ghostdraft-staff-at-ey-4436063839,Ghostdraft-Staff,EY,posted,2026-07-07T01:17:21.114880,85
e65b2d8a8d97842b,https://in.linkedin.com/jobs/view/business-analyst-internship-entry-level-%E2%80%93-work-from-anywhere-at-wake-up-whistle-4435798675,Business Analyst Internship (Entry Level) – Work From Anywhere,,scraped,2026-07-07T01:17:23.863871,
80a7a5023fbcc9b8,https://in.linkedin.com/jobs/view/customer-operations-analyst-at-aditi-consulting-4437140699,Customer Operations Analyst,,scraped,2026-07-07T01:18:35.306243,
2d91aa5fb1663626,https://in.linkedin.com/jobs/view/recruiting-analyst-at-accenture-in-india-4436775595,Recruiting Analyst,Accenture in India,posted,2026-07-07T01:18:57.040163,105
aa2ad65bc9fa5064,https://in.linkedin.com/jobs/view/sr-planning-scheduling-82809343-at-reliance-industries-limited-4435785382,Sr. Planning & Scheduling ( 82809343 ),,scraped,2026-07-07T01:18:59.852343,
87d9f4cd229e1f25,https://in.linkedin.com/jobs/view/delivery-customer-support-executive-at-buildesk-4436079522,Delivery & Customer Support Executive,,scraped,2026-07-07T01:19:06.763340,
76a79f31af9d1252,https://in.linkedin.com/jobs/view/product-manager-at-gocomet-4436947561,Product Manager,,scraped,2026-07-07T01:19:15.518003,
eae9042fcea0bd99,https://in.linkedin.com/jobs/view/associate-product-manager-at-contify-4436072608,Associate Product Manager,,scraped,2026-07-07T01:19:23.199284,
5bacede629489bff,https://in.linkedin.com/jobs/view/internal-audit-and-risk-management-at-exide-energy-solutions-ltd-4437137605,Internal Audit and Risk Management,,scraped,2026-07-07T01:19:46.618905,
356eb2a20f32c90f,https://in.linkedin.com/jobs/view/founder-s-office-at-yournest-venture-capital-4436205143,Founder's Office,,scraped,2026-07-07T01:19:54.763403,
74aa453301fc69bf,https://in.linkedin.com/jobs/view/operation-lead-amazon-now-at-amazon-4436710903,"Operation Lead, AMAZON NOW",Amazon,posted,2026-07-07T01:22:21.762910,107
ad8af33f74e714cd,https://in.linkedin.com/jobs/view/transportation-specialist-in-fresh-now-ecr-at-amazon-4436787021,"Transportation Specialist, IN Fresh/Now ECR",Amazon,posted,2026-07-07T01:22:41.179834,109
b9ffe69b4d3f1e61,https://in.linkedin.com/jobs/view/business-development-manager-at-nxtwave-4436219221,Business Development Manager,NxtWave,posted,2026-07-07T01:22:52.134235,111
3028f186aba56cb1,https://in.linkedin.com/jobs/view/lawyer-%2440-hr-remote-at-crossing-hurdles-4435787236,Lawyer | $40/hr Remote,Crossing Hurdles,posted,2026-07-07T01:23:01.219894,113
01f54ad5eab9a062,https://in.linkedin.com/jobs/view/assistant-manager-rural-personal-loan-rsl-rpr-at-bajaj-finserv-4436911516,Assistant Manager - Rural Personal Loan - RSL/RPR,,scraped,2026-07-07T01:23:03.714644,
6c40af2c3b43636a,https://in.linkedin.com/jobs/view/quality-control-engineer-at-ultratech-cement-4436946851,Quality Control Engineer,,scraped,2026-07-07T01:24:13.901411,
59bb49123501b7d0,https://in.linkedin.com/jobs/view/general-manager-at-mount-everest-breweries-limited-4435781835,General Manager,,scraped,2026-07-07T01:24:21.459262,
b7e2afb22804c2e7,https://in.linkedin.com/jobs/view/senior-designer-at-larsen-toubro-4437190015,SENIOR DESIGNER,,scraped,2026-07-07T01:25:02.187367,
c488b0d0530e380a,https://in.linkedin.com/jobs/view/hr-operations-associate-at-monks-4436723945,HR Operations Associate,,scraped,2026-07-07T01:25:09.488232,
4db14550b6594b06,https://in.linkedin.com/jobs/view/bim-modeller-at-larsen-toubro-4437178503,BIM MODELLER,,scraped,2026-07-07T01:26:20.713412,
3f14f7df6dbe4bc8,https://in.linkedin.com/jobs/view/sales-manager-at-ultratech-cement-4437420039,Sales Manager,,scraped,2026-07-07T01:26:27.759947,
db636aa64cb0edc4,https://in.linkedin.com/jobs/view/og%C5%82oszenie-o-konkursie-na-kandydata-kandydatk%C4%99-na-stanowisko-dyrektora-muzeum-ziemi-puckiej-im-floriana-ceynowy-at-narodowy-instytut-muze%C3%B3w-4435241477,Ogłoszenie o konkursie na kandydata/kandydatkę na stanowisko dyrektora Muzeum Ziemi Puckiej im. Floriana Ceynowy,,scraped,2026-07-07T01:26:34.427267,
d6b8dc8956a8fcb5,https://in.linkedin.com/jobs/view/senior-venture-coach-at-gitam-deemed-university-4437158194,Senior Venture Coach,GITAM Deemed University,posted,2026-07-07T01:27:54.979313,115
9b47a762e12f0e4a,https://in.linkedin.com/jobs/view/assistant-arff-at-adani-airport-holdings-ltd-4426227996,Assistant ARFF,,scraped,2026-07-07T01:27:57.571990,
f3543a55bc25a8b0,https://in.linkedin.com/jobs/view/manager-chief-proctor-office-at-upes-4433943518,Manager - Chief Proctor Office,UPES,posted,2026-07-07T01:28:14.470265,117
d039439252512902,https://in.linkedin.com/jobs/view/field-sales-specialist-at-niit-limited-4437132720,Field Sales Specialist,,scraped,2026-07-07T01:28:17.225912,
21012cbf5f087a6a,https://in.linkedin.com/jobs/view/operations-executive-at-wevois-labs-pvt-ltd-4435394320,Operations Executive,,scraped,2026-07-07T01:28:23.843245,
b541f2ab21911a4c,https://in.linkedin.com/jobs/view/warehouse-executive-at-futurz-staffing-solutions-private-limited-4435044603,Warehouse Executive,FUTURZ STAFFING SOLUTIONS PRIVATE LIMITED,posted,2026-07-07T01:29:36.091719,119
531af86564fda47d,https://in.linkedin.com/jobs/view/personal-trainer-at-curefit-4332559334,Personal Trainer,,scraped,2026-07-07T01:29:39.019183,
a2c5e5f6b83876f3,https://in.linkedin.com/jobs/view/security-support-executive-at-pinkerton-comprehensive-risk-management-4436318215,Security Support Executive,PINKERTON | Comprehensive Risk Management,posted,2026-07-07T01:29:55.605240,121
b85566898645872b,https://in.linkedin.com/jobs/view/area-manager-sales-at-saint-gobain-group-in-india-4437434668,Area Manager Sales,Saint-Gobain Group in India,posted,2026-07-07T01:30:08.484146,123
fca3a892b7e16454,https://in.linkedin.com/jobs/view/hiring-service-coordinator-at-career-ahead-4435778763,Hiring Service coordinator,,scraped,2026-07-07T01:30:11.155995,
309bdfefd594a4e1,https://in.linkedin.com/jobs/view/textile-engineer-at-onliest-llc-4433928270,Textile Engineer,,scraped,2026-07-07T01:30:19.455962,
3ef433264423acf4,https://in.linkedin.com/jobs/view/operation-executive-at-rentokil-pci-4436211899,Operation executive,,scraped,2026-07-07T01:31:44.240878,
9b9209c1aa1ad89b,https://in.linkedin.com/jobs/view/product-owner-i-at-ust-4426343316,Product Owner I,,scraped,2026-07-07T01:31:51.504012,
b70bcf98b9b284cd,https://in.linkedin.com/jobs/view/assistant-arff-at-adani-airport-holdings-ltd-4426250445,Assistant-ARFF,,scraped,2026-07-07T01:32:10.235297,
4a3636344386218d,https://in.linkedin.com/jobs/view/community-manager-in-mohali-at-the-future-university-4436913223,Community Manager in Mohali,,scraped,2026-07-07T01:32:17.726676,
e5491a892f8a3f7b,https://in.linkedin.com/jobs/view/liaison-executive-at-balaji-group-of-industries-india-4433939185,Liaison Executive,Balaji Group Of Industries - India,posted,2026-07-07T01:32:35.243575,125
358ed685221e2dd3,https://in.linkedin.com/jobs/view/buyer1-82809312-at-reliance-industries-limited-4435786354,Buyer1 ( 82809312 ),,scraped,2026-07-07T01:32:38.026782,
91c93ef52706469a,https://in.linkedin.com/jobs/view/sales-coordinator-fmcg-at-zigsaw-4435793551,Sales Coordinator (FMCG),Zigsaw,posted,2026-07-07T01:32:56.035300,127
92c416e5037f7cf3,https://in.linkedin.com/jobs/view/operations-analyst-open-to-internal-and-external-applicants-at-undp-careers-4435362751,Operations Analyst (Open to Internal and External applicants),UNDP Careers,posted,2026-07-07T01:34:18.468262,129
835c02bd73d60092,https://in.linkedin.com/jobs/view/industry-consultant-chemical-at-rockwell-automation-4437159687,Industry Consultant- Chemical,,scraped,2026-07-07T01:34:21.061018,
2e906686edf4af1c,https://in.linkedin.com/jobs/view/quality-inspector-at-qima-4437100263,Quality Inspector,,scraped,2026-07-07T01:35:11.840723,
6f4ac3bbc7c2c45b,https://in.linkedin.com/jobs/view/transformation-communication-specialist-at-rockwell-automation-4437160565,Transformation Communication Specialist,,scraped,2026-07-07T01:35:18.233804,
503447fa67544f15,https://in.linkedin.com/jobs/view/construction-management-program-director-at-south-college-4433741726,Construction Management Program Director,South College,posted,2026-07-07T01:36:38.615698,131
68744eabd9e70f67,https://in.linkedin.com/jobs/view/functional-consultant-at-qwy-software-pvt-ltd-4436189963,Functional Consultant,,scraped,2026-07-07T01:36:41.519369,
928ad62817cec045,https://in.linkedin.com/jobs/view/quality-assurance-at-pib-group-4433097598,Quality Assurance,,scraped,2026-07-07T01:36:48.789748,
53fe445ba383355f,https://in.linkedin.com/jobs/view/odoo-developer-at-qwy-software-pvt-ltd-4436197463,Odoo Developer,,scraped,2026-07-07T01:36:56.039828,
5ba7128dbd5b510c,https://in.linkedin.com/jobs/view/application-developer-at-accenture-in-india-4383496720,Application Developer,Accenture in India,posted,2026-07-07T01:37:10.747318,133
44ac428d42ef7ae0,https://in.linkedin.com/jobs/view/us-payroll-manager-at-prismhr-4416242625,US Payroll Manager,,scraped,2026-07-07T01:37:13.392067,
fcf1b869ae27544d,https://in.linkedin.com/jobs/view/field-officer-at-yrg-4436732760,Field Officer,,scraped,2026-07-07T01:37:56.550298,
30f9d6177ec9b217,https://in.linkedin.com/jobs/view/housekeeping-executive-at-marriott-international-4437178231,Housekeeping Executive,Marriott International,posted,2026-07-07T01:38:33.373698,135
9c1aa2c3a3bbd8ed,https://in.linkedin.com/jobs/view/bank-food-catering-assistant-at-nhs-scotland-4435484291,Bank Food Catering Assistant,,scraped,2026-07-07T01:38:36.034229,
2bfe405d17996097,https://in.linkedin.com/jobs/view/business-development-manager-at-sun-infraa-trends-pvt-ltd-4435044531,Business Development Manager,,scraped,2026-07-07T01:38:44.190322,
41f15723c30679bd,https://in.linkedin.com/jobs/view/duck-creek-senior-at-ey-4423655846,Duck Creek-Senior,EY,posted,2026-07-07T01:39:01.285450,137
3fa8ba3a81a3712d,https://in.linkedin.com/jobs/view/databricks-admin-aws-at-litmus7-4432390209,Databricks Admin AWS,,scraped,2026-07-07T01:39:03.903158,
4dbc5118d82900a6,https://in.linkedin.com/jobs/view/loan-officer-housing-loan-at-ujjivan-small-finance-bank-4436730417,Loan Officer-Housing Loan,,scraped,2026-07-07T01:39:14.356455,
625f19410b58b28b,https://in.linkedin.com/jobs/view/growth-associate-at-eduport-4435415753,Growth Associate,,scraped,2026-07-07T01:39:21.963074,
b1677111495da4d6,https://in.linkedin.com/jobs/view/apriso-developer-at-ibm-4435511925,Apriso developer,IBM,posted,2026-07-07T01:39:55.464368,139
9536942d7148754d,https://in.linkedin.com/jobs/view/operations-staff-inw-at-blue-dart-4436943785,Operations Staff - INW,Blue Dart,posted,2026-07-07T01:40:33.095196,141
67954b9b0d164022,https://in.linkedin.com/jobs/view/cashier-at-ujjivan-small-finance-bank-4431586373,Cashier,,scraped,2026-07-07T01:40:35.772933,
fd488159d03d9f76,https://in.linkedin.com/jobs/view/chief-of-staff-at-unacademy-4436203291,Chief of Staff,,scraped,2026-07-07T01:40:43.555285,
0de83ef90b41652b,https://in.linkedin.com/jobs/view/project-assistant-at-m3-usa-4437416086,Project Assistant,,scraped,2026-07-07T01:40:50.162968,
f55d2fd5907c8a19,https://in.linkedin.com/jobs/view/executive-receivable-at-ariane-fine-porcelain-4435471924,Executive - Receivable,,scraped,2026-07-07T01:40:57.294243,
440f7b1b4816114f,https://in.linkedin.com/jobs/view/recruitment-for-faculty-positions-regular-at-mizoram-university-central-university-at-researchersjob-4436788742,Recruitment for Faculty Positions (Regular) at Mizoram University (Central University),,scraped,2026-07-07T01:41:07.377833,
ce13654869a61909,https://in.linkedin.com/jobs/view/business-development-manager-at-nxtwave-4436222158,Business Development Manager,NxtWave,posted,2026-07-07T01:41:20.124331,111
26796b436a1a33a4,https://in.linkedin.com/jobs/view/ad-operations-executive-at-inshorts-4437137705,Ad Operations Executive,,scraped,2026-07-07T01:41:22.787499,
a296194761fbeb7f,https://in.linkedin.com/jobs/view/uiux-designer-at-hp-4437418444,UIUX Designer,,scraped,2026-07-07T01:41:29.901966,
1241de97539e2451,https://in.linkedin.com/jobs/view/analyst-at-wipro-4437144378,Analyst,,scraped,2026-07-07T01:41:37.530012,
97a629ab0f00ffc9,https://in.linkedin.com/jobs/view/accountant-fixed-assets-at-pvh-corp-4436761755,Accountant  - Fixed Assets,,scraped,2026-07-07T01:41:45.006977,
b48d6400e6880b34,https://in.linkedin.com/jobs/view/filenet-admin-at-algoleap-4432772536,Filenet Admin,,scraped,2026-07-07T01:42:04.582811,
141172b11cd3c3ed,https://in.linkedin.com/jobs/view/store-manager-at-airtel-4433174554,Store Manager,airtel,posted,2026-07-07T01:42:57.166738,143
33ad5ff0cd075244,https://in.linkedin.com/jobs/view/process-executive-rpa-developer-at-bunge-4336237603,Process Executive - RPA Developer,Bunge,posted,2026-07-07T01:43:28.819075,145
91e5c6d2823ca8f3,https://in.linkedin.com/jobs/view/vendor-personnel-at-eclerx-4437183150,vendor personnel,,scraped,2026-07-07T01:43:31.674855,
74ecd8d42bc1ffe0,https://in.linkedin.com/jobs/view/department-manager-at-h-m-4335280522,Department Manager,H&M,posted,2026-07-07T01:43:48.901990,147
1be6dcb29a422d1d,https://in.linkedin.com/jobs/view/us-it-recruiter-at-excelon-solutions-4435254817,US IT Recruiter,,scraped,2026-07-07T01:43:51.597261,
ad966da3129b6369,https://in.linkedin.com/jobs/view/junior-engineer-mine-operations-mining-sirdar-at-adani-natural-resources-4388517312,Junior Engineer - Mine Operations (Mining Sirdar),,scraped,2026-07-07T01:44:06.538806,
1ea91ccab1dca0f6,https://in.linkedin.com/jobs/view/team-lead-at-amazon-4435339803,Team Lead,Amazon,posted,2026-07-07T01:44:26.860385,149
d2cc2affb7f8b2cb,https://in.linkedin.com/jobs/view/lead-estimator-at-kbr-inc-4433936672,Lead Estimator,,scraped,2026-07-07T01:44:29.651892,
e5c6a6ccf8636fb1,https://in.linkedin.com/jobs/view/ignition-developer-at-tekskills-inc-4436174278,Ignition Developer,,scraped,2026-07-07T01:44:45.645882,
6b7c333ea60098ae,https://in.linkedin.com/jobs/view/asm-aid-tn-%2B-kerala-at-birla-opus-4417486486,ASM - AID (TN + Kerala),,scraped,2026-07-07T01:45:00.347643,
c99b010ed75bab7e,https://in.linkedin.com/jobs/view/digital-ads-ppc-specialist-at-techwyse-internet-marketing-4435405786,Digital Ads (PPC) Specialist,,scraped,2026-07-07T01:45:40.323674,
d7a4bc15b53c1b74,https://in.linkedin.com/jobs/view/functional-safety-at-visteon-corporation-4434603999,Functional Safety,,scraped,2026-07-07T01:45:46.665708,
e4fac3b311be906c,https://in.linkedin.com/jobs/view/total-rewards-specialist-at-visteon-corporation-4397227386,Total Rewards Specialist,Visteon Corporation,posted,2026-07-07T01:46:09.026453,151
0ac451eec34d9ca6,https://in.linkedin.com/jobs/view/snowflake-developer-at-tata-consultancy-services-4436215333,Snowflake Developer,Tata Consultancy Services,posted,2026-07-07T01:46:22.979261,153
c2302e8d511ebbcc,https://in.linkedin.com/jobs/view/assistant-arff-at-adani-airport-holdings-ltd-4426237592,Assistant - ARFF,,scraped,2026-07-07T01:46:25.554350,
2632e6422f8572d7,https://in.linkedin.com/jobs/view/application-support-engineer-at-accenture-in-india-4432779323,Application Support Engineer,Accenture in India,posted,2026-07-07T01:46:41.930822,155
f749206523b77f17,https://in.linkedin.com/jobs/view/workforce-planning-specialist-at-visteon-corporation-4425252179,Workforce Planning Specialist,,scraped,2026-07-07T01:46:44.580894,
62e9d2dbc622ff0e,https://in.linkedin.com/jobs/view/relationship-manager-personal-loan-at-idfc-first-bank-4426132766,Relationship Manager-Personal Loan,,scraped,2026-07-07T01:46:57.121193,
fdfe98926e1a865a,https://in.linkedin.com/jobs/view/f-b-executive-at-accor-4435016452,F & B Executive,Accor,posted,2026-07-07T01:47:13.848268,157
48788ed4371d6ee0,https://in.linkedin.com/jobs/view/computerized-system-validation-csv-at-instrumentation-and-control-solutions-4435787574,Computerized System Validation (CSV),,scraped,2026-07-07T01:47:16.401639,
8a682a203525628b,https://in.linkedin.com/jobs/view/officer-micro-banking-collections-karnataka-at-ujjivan-small-finance-bank-4436497020,Officer -Micro banking Collections-Karnataka,,scraped,2026-07-07T01:47:26.281879,
bbff17c544e9bc0d,https://in.linkedin.com/jobs/view/adobe-work-front-and-fusion-at-tata-consultancy-services-4435039033,Adobe Work Front and Fusion,Tata Consultancy Services,scraped,2026-07-07T01:47:38.829590,
c5fe807b1a599a70,https://in.linkedin.com/jobs/view/customer-service-representative-at-biospace-4435501325,Customer Service Representative,,scraped,2026-07-07T01:47:41.665139,
fb8560583a68ccec,https://in.linkedin.com/jobs/view/senior-healthcare-support-worker-at-nhs-scotland-4435486044,Senior Healthcare Support Worker,,scraped,2026-07-07T01:48:25.222235,
663643fc38c2f227,https://in.linkedin.com/jobs/view/wfm-administrator-wise-at-amazon-4388169124,"WFM Administrator , WISE",Amazon,posted,2026-07-07T01:48:42.401910,159
8c15f12374d8b0a6,https://in.linkedin.com/jobs/view/application-support-engineer-at-accenture-in-india-4435358236,Application Support Engineer,Accenture in India,posted,2026-07-07T01:48:49.369394,155
820d6919bc031d49,https://in.linkedin.com/jobs/view/team-leader-at-taskus-4407231276,Team Leader,,scraped,2026-07-07T01:48:52.043166,
ec84e0aa6db1bead,https://in.linkedin.com/jobs/view/duck-creek-senior-at-ey-4423651870,Duck Creek-Senior,EY,posted,2026-07-07T01:49:13.432639,137
bd1ef1bfd78ba4fc,https://in.linkedin.com/jobs/view/senior-sales-support-coordinator-at-biospace-4436182042,Senior Sales Support Coordinator,,scraped,2026-07-07T01:49:16.085839,
b91fe4396c488644,https://in.linkedin.com/jobs/view/personal-trainer-at-curefit-4351828742,Personal Trainer,,scraped,2026-07-07T01:49:23.509889,
60d2e931bd664597,https://in.linkedin.com/jobs/view/bihar-bpsc-69th-pre-exam-recruitment-2023-pre-result-for-346-post-at-scraby-academy-4436929085,Bihar BPSC 69th Pre Exam Recruitment 2023 Pre RESULT for 346 Post,,scraped,2026-07-07T01:49:30.397502,
e9e0f13be5c94217,https://in.linkedin.com/jobs/view/guest-service-executive-at-accor-4436215112,Guest Service Executive,Accor,posted,2026-07-07T01:50:22.037774,161
e90ffcfdc2ed901d,https://in.linkedin.com/jobs/view/community-kitchen-partner-manager-mother-bhojan-tricity-full-time-at-womro-solutions-private-limited-4436042484,"Community & Kitchen Partner Manager, Mother Bhojan (Tricity, full-time).",,scraped,2026-07-07T01:50:24.667568,
a30990b8243231aa,https://in.linkedin.com/jobs/view/cashier-at-ujjivan-small-finance-bank-4436973623,Cashier,,scraped,2026-07-07T01:50:31.553435,
42e351b29cb9c54f,https://in.linkedin.com/jobs/view/housekeeping-associate-at-gokulam-park-4435428085,Housekeeping Associate,Gokulam Park,posted,2026-07-07T01:51:01.307281,163
d98256d9e54c561e,https://in.linkedin.com/jobs/view/application-developer-at-accenture-in-india-4435353379,Application Developer,Accenture in India,posted,2026-07-07T01:51:07.910749,133
973c624e5cf2e106,https://in.linkedin.com/jobs/view/us-cold-calling-executive-%E2%80%93-healthcare-ehr-rcm-at-emedicalpractice-4437426100,US Cold Calling Executive – Healthcare (EHR & RCM),eMedicalPractice,posted,2026-07-07T01:51:21.109674,165
f8d6a018d49befe9,https://in.linkedin.com/jobs/view/sharepoint-administrator-at-pomeroy-4435072074,Sharepoint Administrator,,scraped,2026-07-07T01:51:24.115573,
1cde876a5e6e07aa,https://in.linkedin.com/jobs/view/oracle-epm-consultant-at-jade-global-4435548657,Oracle EPM Consultant,,scraped,2026-07-07T01:52:33.979235,
53b1219a3bc1ba5e,https://in.linkedin.com/jobs/view/sap-successfactors-administrator-at-in-tech-group-india-private-limited-4436030175,SAP SuccessFactors Administrator,,scraped,2026-07-07T01:52:45.700439,
02ec119a11f9ed03,https://in.linkedin.com/jobs/view/senior-territory-service-representative-npr-at-blue-dart-4436196587,Senior Territory Service Representative - NPR,Blue Dart,posted,2026-07-07T01:53:28.795802,167
d0201a4ff2528bbc,https://in.linkedin.com/jobs/view/business-development-executive-at-vika-talent-solutions-4436117973,Business Development Executive,,scraped,2026-07-07T01:53:31.486454,
5cdc4dbb7ee51b25,https://in.linkedin.com/jobs/view/junior-executive-at-brink%E2%80%99s-inc-4377193968,Junior Executive,,scraped,2026-07-07T01:53:39.437096,
a6fa203b3cc798df,https://in.linkedin.com/jobs/view/territory-manager-car-loans-at-idfc-first-bank-4436253207,Territory Manager-Car Loans,,scraped,2026-07-07T01:54:39.047379,
66c2739f0cace9b9,https://in.linkedin.com/jobs/view/program-manager-support-expert-committee-activities-at-biospace-4436934109,Program Manager (Support Expert Committee activities),,scraped,2026-07-07T01:54:47.078914,
afc5e73b59d5aec5,https://in.linkedin.com/jobs/view/healthcare-executive-at-pfizer-4431959394,Healthcare Executive,,scraped,2026-07-07T01:55:05.884099,
244252df094ac046,https://in.linkedin.com/jobs/view/business-development-executive-at-wareiq-4433925325,Business Development Executive,,scraped,2026-07-07T01:55:56.244122,
bc7427c973a9a529,https://in.linkedin.com/jobs/view/dreams-fulfillment-officer-macalelon-at-personal-collection-direct-selling-inc-4433919771,Dreams Fulfillment Officer - Macalelon,,scraped,2026-07-07T01:56:02.855993,
d3757d8196969a43,https://in.linkedin.com/jobs/view/operation-staff-339978-at-blue-dart-4436358178,Operation Staff :339978,Blue Dart,posted,2026-07-07T01:56:47.503125,169
3b6bc3d91ad93970,https://in.linkedin.com/jobs/view/business-advisor-at-capgemini-4437411797,Business Advisor,,scraped,2026-07-07T01:56:50.387261,
47935452c11b8be4,https://in.linkedin.com/jobs/view/transportation-representative-transportation-representative-at-amazon-4436782370,"Transportation Representative, Transportation Representative",Amazon,posted,2026-07-07T01:57:25.673975,171
bee7edda96e0327a,https://in.linkedin.com/jobs/view/full-stack-developer-m-f-d-at-deutsche-telekom-4437152976,Full Stack Developer (m/f/d),,scraped,2026-07-07T01:57:28.363893,
ac774ac99ab61c0a,https://in.linkedin.com/jobs/view/retail-operations-manager-at-flexiple-4437143546,Retail Operations Manager,,scraped,2026-07-07T01:57:36.073360,
deb5e38ecf58d345,https://in.linkedin.com/jobs/view/production-specialist-l2-at-wipro-4435716173,PRODUCTION SPECIALIST L2,,scraped,2026-07-07T01:57:50.412751,
2c4c846c8f44bfda,https://in.linkedin.com/jobs/view/area-hr-head-at-jio-4436093175,Area HR Head,,scraped,2026-07-07T01:57:57.919881,
08905527b106e4a7,https://in.linkedin.com/jobs/view/scrum-master-at-scoutit-4436204095,Scrum Master,,scraped,2026-07-07T01:58:06.996131,
b4d2d6b6d7f978d2,https://in.linkedin.com/jobs/view/associate-financial-reporting-at-jpmorganchase-4436936511,Associate - Financial Reporting,JPMorganChase,posted,2026-07-07T01:58:20.031739,173
9719c2a23fc82f19,https://in.linkedin.com/jobs/view/head-of-call-center-at-chandigarh-university-hr-department-4436917843,Head of Call Center,,scraped,2026-07-07T01:58:22.683456,
f864690fde4bf9a8,https://in.linkedin.com/jobs/view/store-manager-luxury-apparel-at-one-story-4436059754,Store Manager (luxury Apparel),One Story,posted,2026-07-07T01:58:39.605682,175
a7148a24c9c3fbab,https://in.linkedin.com/jobs/view/store-manager-kozhikode-at-reliance-retail-4405104206,Store Manager- Kozhikode,,scraped,2026-07-07T01:58:42.252368,
2f32e6c1778a7eff,https://in.linkedin.com/jobs/view/by-oms-developer-at-litmus7-4311591680,BY OMS Developer,,scraped,2026-07-07T01:58:50.648514,
791b0a2c7c1adbf2,https://in.linkedin.com/jobs/view/executive-housekeeper-fairmont-agra-at-fairmont-hotels-resorts-4435219241,Executive Housekeeper - Fairmont Agra,Fairmont Hotels &amp; Resorts,posted,2026-07-07T01:59:19.029257,177
fd02c2900601fa2e,https://in.linkedin.com/jobs/view/field-manager-rural-at-dr-reddy-s-laboratories-4386707751,FIELD MANAGER - RURAL,,scraped,2026-07-07T01:59:21.472050,
9e1f4b015e2a6796,https://in.linkedin.com/jobs/view/quantity-surveyor-at-mott-macdonald-4413681792,Quantity Surveyor,,scraped,2026-07-07T01:59:29.611000,
936d71e63684647c,https://in.linkedin.com/jobs/view/senior-executive-agriculture-at-dishman-carbogen-amcis-ltd-4436901424,Senior Executive - Agriculture,,scraped,2026-07-07T01:59:36.823285,
a792a1896458a44e,https://in.linkedin.com/jobs/view/sr-pricing-executive-at-firstlift-logistics-4436038540,Sr Pricing Executive,,scraped,2026-07-07T01:59:44.541201,
649ff27cc5495511,https://in.linkedin.com/jobs/view/sales-agent-tanzania-for-granite-product-4433767862,Sales agent Tanzania for granite product,Benifgranite,posted,2026-07-07T01:59:57.385478,179
862fa591e0f88bd5,https://in.linkedin.com/jobs/view/block-lead-eip-at-the-nudge-4437139902,"Block Lead, EIP",,scraped,2026-07-07T02:00:00.222417,
890a3bf049679645,https://in.linkedin.com/jobs/view/team-member-aocc-at-adani-airport-holdings-ltd-4394778775,Team Member - AOCC,,scraped,2026-07-07T02:00:07.320333,
52369f39fcac286c,https://in.linkedin.com/jobs/view/data-analyst-at-scoutit-4436080857,Data Analyst,,scraped,2026-07-07T02:00:14.955056,
a387f0ae847c81fc,https://in.linkedin.com/jobs/view/tl-amzl-lastmile-operations-at-amazon-4436951923,"TL - AMZL, Lastmile Operations",Amazon,posted,2026-07-07T02:00:41.012896,181
d0cd6b6cf1a4b122,https://in.linkedin.com/jobs/view/human-resources-specialist-at-flexiple-4437141898,Human Resources Specialist,,scraped,2026-07-07T02:00:43.728210,
69a8cdd7bb069e68,https://in.linkedin.com/jobs/view/client-success-nps-executive-at-lyxel-flamingo-l-f-4437143320,Client Success & NPS Executive,,scraped,2026-07-07T02:01:41.579177,
4567c0847cfd0ef1,https://in.linkedin.com/jobs/view/project-manager-at-sbi-foundation-4436716861,Project Manager,,scraped,2026-07-07T02:01:49.246244,
06180efd1c14105c,https://in.linkedin.com/jobs/view/visual-designer-at-inshorts-4437136673,Visual Designer,,scraped,2026-07-07T02:01:56.883006,
e89a4ff433c337ef,https://in.linkedin.com/jobs/view/data-analyst-at-scoutit-4436205024,Data Analyst,,scraped,2026-07-07T02:02:03.728871,
d4cef44ef1350d84,https://in.linkedin.com/jobs/view/financial-controller-at-indofast-energy-4436773603,Financial Controller,Indofast Energy,posted,2026-07-07T02:02:22.738835,183
82ff4f03b31854a1,https://in.linkedin.com/jobs/view/data-analyst-at-scoutit-4436094620,Data Analyst,,scraped,2026-07-07T02:02:25.443524,
270e3b2c9aa8a6f5,https://in.linkedin.com/jobs/view/manager-warehouse-at-nestl%C3%A9-4437171409,Manager - Warehouse,Nestlé,posted,2026-07-07T02:02:40.152420,185
764fccb22b7e3868,https://in.linkedin.com/jobs/view/mlr-submission-specialist-at-vueverse-4432375133,MLR Submission Specialist,,scraped,2026-07-07T02:02:42.889690,
b82bd19e26725c48,https://in.linkedin.com/jobs/view/community-social-worker-at-thanal-4435759281,Community Social Worker,Thanal,posted,2026-07-07T02:03:05.959184,187
2b2afdf505565a80,https://in.linkedin.com/jobs/view/executive-n-sales-administration-at-asian-paints-4436361071,EXECUTIVE N - SALES ADMINISTRATION,,scraped,2026-07-07T02:03:08.596409,
527fe86f2afb68a4,https://in.linkedin.com/jobs/view/influencer-agency-partnerships-executive-at-teabox-4435437792,Influencer & Agency Partnerships Executive,,scraped,2026-07-07T02:03:14.957814,
b94271feb480d712,https://in.linkedin.com/jobs/view/production-chemist-at-crown-hr-services-4437191689,Production Chemist,,scraped,2026-07-07T02:03:21.899613,
b371e9185b245dce,https://in.linkedin.com/jobs/view/upsssc-guard-fire-guard-recruitment-2026-for-170-posts-apply-online-at-aringnar-anna-middle-school-4436173373,"UPSSSC Guard & Fire Guard Recruitment 2026 for 170 Posts, Apply Online",,scraped,2026-07-07T02:03:29.920175,
3f8250092e2f100e,https://in.linkedin.com/jobs/view/field-sales-executive-at-paytm-4436037946,Field Sales Executive,,scraped,2026-07-07T02:03:35.875041,
ec2b1a5ac2a2a5dd,https://in.linkedin.com/jobs/view/logistics-executive-at-futurz-staffing-solutions-private-limited-4435045625,Logistics Executive,FUTURZ STAFFING SOLUTIONS PRIVATE LIMITED,posted,2026-07-07T02:03:59.191023,189
1098b31581316f29,https://in.linkedin.com/jobs/view/pickers-and-packers-at-purplle-com-4407878789,Pickers and Packers,Purplle.com,posted,2026-07-07T02:04:13.156678,191
d9b9fe6de26a9412,https://in.linkedin.com/jobs/view/talent-acquisition-manager-at-appzeon-4433953944,Talent Acquisition Manager,,scraped,2026-07-07T02:04:15.819789,
e400e52f44d9dc15,https://in.linkedin.com/jobs/view/financial-analyst-i-financial-operations-accounting-analysis-at-amazon-4437441335,"Financial Analyst I, Financial Operations Accounting Analysis",Amazon,posted,2026-07-07T02:04:31.814671,193
5992e26c98b54173,https://in.linkedin.com/jobs/view/scientist-positions-at-birbal-sahni-institute-of-paleosciences-lucknow-at-researchersjob-4436787853,"Scientist Positions at Birbal Sahni Institute of Paleosciences, Lucknow",,scraped,2026-07-07T02:04:34.588176,
625a4107e936ffb2,https://in.linkedin.com/jobs/view/social-media-manager-at-srv-media-4436990584,Social Media Manager,,scraped,2026-07-07T02:04:43.158901,
2ae5d4c60f7b0cfd,https://in.linkedin.com/jobs/view/supervisor-andar-ibis-campo-grande-ms-c%C3%B3d-4805-at-candidata-ai-4436914331,Supervisor Andar - Ibis Campo Grande - MS (Cód. 4805),,scraped,2026-07-07T02:04:51.776840,
1f633d5f33be30e8,https://in.linkedin.com/jobs/view/supply-chain-executive-at-aimler-solutions-4435486366,supply chain executive,,scraped,2026-07-07T02:04:58.414001,
af94604a34886a79,https://in.linkedin.com/jobs/view/senior-manager-%E2%80%93-order-management-client-servicing-at-deluxe-4436072585,Senior Manager – Order Management (Client Servicing),,scraped,2026-07-07T02:05:06.090501,
f8fdd9c50a1b5865,https://in.linkedin.com/jobs/view/services-support-associate-i-administrative-assistant-at-deloitte-4435463423,"Services Support Associate I, Administrative Assistant",Deloitte,posted,2026-07-07T02:06:14.590730,195
6d67003fe0866429,https://in.linkedin.com/jobs/view/data-analyst-at-epsilon-4436039837,Data Analyst,,scraped,2026-07-07T02:06:17.290360,
8048ce106dff4885,https://in.linkedin.com/jobs/view/procurement-specialist-at-ecolab-4436983772,Procurement Specialist,,scraped,2026-07-07T02:06:39.902645,
c34509323836e36b,https://in.linkedin.com/jobs/view/production-engineer-sr-engineer-at-yo-it-consulting-4436027160,Production Engineer/Sr. Engineer,,scraped,2026-07-07T02:06:58.560308,
4e031dd10d102cd7,https://in.linkedin.com/jobs/view/associate-compliance-support-at-scoutit-4436080868,Associate - Compliance Support,,scraped,2026-07-07T02:08:08.526179,
9ddf52a500417c63,https://in.linkedin.com/jobs/view/truck-dispatcher-4436747009,Truck Dispatcher,USA Tranz Inc,posted,2026-07-07T02:08:20.306260,197
8e3a7176425d0f48,https://in.linkedin.com/jobs/view/executive-administrative-assistant-at-flexiple-4437175939,Executive Administrative Assistant,,scraped,2026-07-07T02:08:23.349702,
0ab70ee9123860b0,https://in.linkedin.com/jobs/view/technical-documentation-specialist-%2450-hr-remote-at-crossing-hurdles-4436078911,Technical Documentation Specialist | $50/hr Remote,Crossing Hurdles,posted,2026-07-07T02:08:55.022870,199
b49cf5ac31b13a2c,https://in.linkedin.com/jobs/view/kitchen-staff-at-opaa%21-food-management-4436027567,Kitchen Staff,,scraped,2026-07-07T02:08:57.885682,
870cd5c5d6aedb2b,https://in.linkedin.com/jobs/view/data-analyst-at-scoutit-4436200111,Data Analyst,,scraped,2026-07-07T02:09:10.902805,
2e944d831995431f,https://in.linkedin.com/jobs/view/assistant-manager-rural-personal-loan-rsl-rpr-at-bajaj-finserv-4436969686,Assistant Manager - Rural Personal Loan - RSL/RPR,,scraped,2026-07-07T02:09:17.154902,
1f34e33c4d896c93,https://in.linkedin.com/jobs/view/assistant-manager-operations-at-metlife-4436336985,Assistant Manager - Operations,,scraped,2026-07-07T02:09:23.606032,
7b31bc44dfdd2320,https://in.linkedin.com/jobs/view/data-analyst-at-scoutit-4436091516,Data Analyst,,scraped,2026-07-07T02:10:54.240170,
7e40d660ebbe4104,https://in.linkedin.com/jobs/view/photographer-video-grapher-at-yourfriendlyhr-4436093503,Photographer & Video Grapher,YourfriendlyHR,posted,2026-07-07T02:11:08.801655,201
f7b783264ba2cff0,https://in.linkedin.com/jobs/view/admission-counselor-upto-5-lpa-at-globelance-4436066714,Admission Counselor (Upto 5 LPA),GLOBELANCE,posted,2026-07-07T02:11:19.170924,203
9ce553d24fc193e7,https://in.linkedin.com/jobs/view/site-quality-engineer-at-cummins-india-4436210846,Site Quality Engineer,Cummins India,posted,2026-07-07T02:11:32.007699,205
257b25a7d7bc0a85,https://in.linkedin.com/jobs/view/architect-chandigarh-at-naukripay-group-4436034655,Architect ( Chandigarh),,scraped,2026-07-07T02:11:34.659777,
db58c94011af554c,https://in.linkedin.com/jobs/view/engineering-manager-at-larsen-toubro-4437183326,Engineering Manager,,scraped,2026-07-07T02:11:41.192237,
7d8b31c825e65258,https://in.linkedin.com/jobs/view/two-full-time-faculty-at-ischools-inc-4436047628,Two Full-time Faculty,,scraped,2026-07-07T02:11:48.528899,
8c23f47410861ef9,https://in.linkedin.com/jobs/view/business-development-executive-b2b-partnerships-contractual-at-flix-4436726708,Business Development Executive - B2B Partnerships (contractual),,scraped,2026-07-07T02:12:02.800997,
11300ab98fe34e3c,https://in.linkedin.com/jobs/view/early-career-campus-recruiter-at-citi-4436210935,"Early Career, Campus Recruiter",,scraped,2026-07-07T02:12:09.507428,
a85e360748398a45,https://in.linkedin.com/jobs/view/factory-manager-ludhiana-at-naukripay-group-4436098360,Factory Manager ( Ludhiana),,scraped,2026-07-07T02:12:24.082743,
9522360789c71b18,https://in.linkedin.com/jobs/view/customer-service-customer-support-internship-in-delhi-at-mars-cosmetics-4436981126,Customer Service/Customer Support Internship in Delhi,,scraped,2026-07-07T02:12:30.349338,
206325483f944c38,https://in.linkedin.com/jobs/view/quality-engineer-at-accenture-in-india-4436764945,Quality Engineer,Accenture in India,posted,2026-07-07T02:12:46.599466,207
cff782f58905b2d5,https://in.linkedin.com/jobs/view/senior-associate-strategy-and-operations-gtech-ads-at-google-4435453406,"Senior Associate, Strategy and Operations, gTech Ads",,scraped,2026-07-07T02:12:49.609039,
e60043952078a028,https://in.linkedin.com/jobs/view/general-manager-at-jobgether-4436037733,General Manager,,scraped,2026-07-07T02:12:57.481763,
df303ee11989ea22,https://in.linkedin.com/jobs/view/ui-ux-designer-at-amura-marketing-technologies-4436969166,UI/UX Designer,Amura Marketing Technologies,posted,2026-07-07T02:13:16.990102,209
240ab21f1f381c5f,https://in.linkedin.com/jobs/view/deputy-manager-two-wheeler-north-east-at-bajaj-finserv-4436913352,Deputy Manager - Two Wheeler - North & East,,scraped,2026-07-07T02:13:19.940600,
084167e176fd9340,https://in.linkedin.com/jobs/view/lead-procure-to-pay-at-freshworks-4437157320,Lead - Procure to Pay,Freshworks,posted,2026-07-07T02:13:37.102852,211
48b9d75be09aa2c8,https://in.linkedin.com/jobs/view/am-ops-claims-hyderabad-at-aditya-birla-capital-4437469615,AM-Ops-claims (Hyderabad),,scraped,2026-07-07T02:13:40.239329,
9533e16468ca27ac,https://in.linkedin.com/jobs/view/manufacturing-engineer-at-caterpillar-inc-4437186889,Manufacturing Engineer,Caterpillar Inc.,posted,2026-07-07T02:14:00.778445,213
520577f42c601793,https://in.linkedin.com/jobs/view/warehouse-admin-executive-at-ugaoo-4436098623,Warehouse Admin Executive,,scraped,2026-07-07T02:14:03.469556,
b569b2df3aa17aef,https://in.linkedin.com/jobs/view/customer-service-associate-at-accenture-services-pvt-ltd-4435490183,Customer Service Associate,Accenture services Pvt Ltd,posted,2026-07-07T02:14:24.917522,215
89cfdef080ac55cf,https://in.linkedin.com/jobs/view/data-analyst-%E2%80%93-digital-experience-behavioural-analytics-at-scaletrix-ai-4436079403,Data Analyst – Digital Experience & Behavioural Analytics,Scaletrix.AI,posted,2026-07-07T02:15:41.215859,217
367517f811e27f7c,https://in.linkedin.com/jobs/view/amazon-ads-executive-at-advertisingsaga-4436202126,Amazon Ads Executive,,scraped,2026-07-07T02:15:43.860528,
786cf37f8eaf0ad9,https://in.linkedin.com/jobs/view/shopify-product-manager-developer-at-techxr-innovations-private-limited-4435036896,Shopify Product Manager & Developer,,scraped,2026-07-07T02:15:53.579223,
d2af67f44ae68f8f,https://in.linkedin.com/jobs/view/insidesales-specialist-at-virtusa-4414005652,Insidesales Specialist,Virtusa,posted,2026-07-07T02:16:14.726194,219
b7a7483152111aeb,https://in.linkedin.com/jobs/view/head-of-ks3-english%0Aedv-2026-cvc-66705-at-ernulf-academy-4436480033,"Head of KS3 - English
EDV/2026/CVC/66705",,scraped,2026-07-07T02:16:17.176179,
5a029eb224f9b852,https://in.linkedin.com/jobs/view/google-workspace-manager-at-gla-university-4436492208,Google Workspace Manager,GLA University,posted,2026-07-07T02:16:33.085067,221
3cf5b1ad24fc57ae,https://in.linkedin.com/jobs/view/bid-manager-at-siemens-energy-4435247190,Bid Manager,,scraped,2026-07-07T02:16:35.789457,
04d4d6f0ee25e520,https://in.linkedin.com/jobs/view/sap-ps-consultant-at-i-novate-arabia-dmcc-4437171401,SAP PS Consultant,I-Novate Arabia DMCC,posted,2026-07-07T02:18:14.287145,223
429d7106b9f9595c,https://in.linkedin.com/jobs/view/stellenangebot-sachbearbeiter-f%C3%BCr-f%C3%B6rdermittel-m-w-d-at-handwerkskammer-cottbus-4436928848,Stellenangebot: Sachbearbeiter für Fördermittel (m/w/d),,scraped,2026-07-07T02:18:17.000697,
95f789da1c95e510,https://in.linkedin.com/jobs/view/management-strategieconsultant-healthcare-m-w-d-at-aktiva-beratung-im-gesundheitswesen-gmbh-4436968146,Management-/Strategieconsultant Healthcare (m/w/d),,scraped,2026-07-07T02:19:37.564817,
ab40b4bcf9ec0848,https://in.linkedin.com/jobs/view/formulation-specialist-at-welspun-living-limited-4436485604,Formulation Specialist,,scraped,2026-07-07T02:19:44.332287,
3b8b3f9fefb93b51,https://in.linkedin.com/jobs/view/full-stack-developer-rust-at-weekday-yc-w21-4435572263,Full stack developer Rust,,scraped,2026-07-07T02:19:51.176701,
65d0dab9b529ca56,https://in.linkedin.com/jobs/view/sales-counsellor-at-niit-limited-4432365183,SALES COUNSELLOR,,scraped,2026-07-07T02:20:32.403117,
00b1a436eee7e478,https://in.linkedin.com/jobs/view/technology-support-engineer-at-accenture-in-india-4432759077,Technology Support Engineer,Accenture in India,posted,2026-07-07T02:20:49.289943,225
b40d8a22eac97cff,https://in.linkedin.com/jobs/view/area-sales-manager-at-cri-group-4437450365,Area Sales Manager,CRI Group,posted,2026-07-07T02:21:00.014926,227
b08e7b4fb768d89d,https://in.linkedin.com/jobs/view/front-office-executive-at-lykora-consulting-services-private-limited-4436184144,Front Office Executive,,scraped,2026-07-07T02:21:02.945149,
603c3d1b4e8fa1f8,https://in.linkedin.com/jobs/view/java-fullstack-developer-at-tata-consultancy-services-4432339555,Java Fullstack Developer,Tata Consultancy Services,posted,2026-07-07T02:21:20.845582,229
909ce52998ddef56,https://in.linkedin.com/jobs/view/sales-representative-jewellery-at-weekday-yc-w21-4432760875,Sales Representative - Jewellery,,scraped,2026-07-07T02:21:23.464342,
ff9f166b562c787d,https://in.linkedin.com/jobs/view/regulatory-affairs-specialist-at-vastu-vihar-biotech-pvt-ltd-4432771939,Regulatory Affairs Specialist,,scraped,2026-07-07T02:21:31.637461,
4b762bc8085b6c0f,https://in.linkedin.com/jobs/view/housekeeping-associate-at-j%C3%BCsta-hotels-resorts-4433192755,Housekeeping associate,,scraped,2026-07-07T02:22:41.513728,
2148f4c49158f73a,https://in.linkedin.com/jobs/view/store-officer-at-jakson-group-4436330371,Store officer,,scraped,2026-07-07T02:22:48.260090,
c553253f06178a6b,https://in.linkedin.com/jobs/view/district-coordinator-at-plan-india-4435772886,District Coordinator,,scraped,2026-07-07T02:22:57.874589,
04dfc7a2360d1815,https://in.linkedin.com/jobs/view/sat-lok-aashram-at-yash-4436080803,Sat lok aashram,yash,posted,2026-07-07T02:23:14.501858,231
d15e309e876799b2,https://in.linkedin.com/jobs/view/senior-pharmacist-4433944110,Senior Pharmacist,Blinkit e commerce,posted,2026-07-07T02:23:22.021097,233
5401994d2f76d001,https://in.linkedin.com/jobs/view/officer-hr-at-dishman-carbogen-amcis-ltd-4436903323,Officer - HR,,scraped,2026-07-07T02:23:25.022387,
2dd6d867e30b1256,https://in.linkedin.com/jobs/view/housekeeping-person-at-penkraft-ideas-private-limited-4436974237,HOUSEKEEPING PERSON,,scraped,2026-07-07T02:23:32.266216,
cef227c233ab711e,https://in.linkedin.com/jobs/view/bpm-pega-pega-staff-at-ey-4436202307,BPM-Pega-Pega-Staff,EY,posted,2026-07-07T02:23:47.769138,235
5bb9c5e07062f374,https://in.linkedin.com/jobs/view/team-leader-at-taskus-4433758243,Team Leader,,scraped,2026-07-07T02:23:50.345522,
d4ed617bc1f3efc4,https://in.linkedin.com/jobs/view/field-executive-at-phoenix-assurance-pvt-ltd-4433915189,Field Executive,Phoenix Assurance Pvt Ltd,posted,2026-07-07T02:24:32.126672,237
595ad2cf649104f9,https://in.linkedin.com/jobs/view/veeva-at-cognizant-4435470971,Veeva,,scraped,2026-07-07T02:24:35.133968,
7b2cda57cca97d8d,https://in.linkedin.com/jobs/view/manager-sales-marketing-at-adani-ports-and-sez-4369045439,Manager - Sales & Marketing,,scraped,2026-07-07T02:24:58.742073,
99c38bffaf1ac5a1,https://in.linkedin.com/jobs/view/academic-counselor-in-karnataka-kannur-tiruchipalli-hyderabad-kochi-udupi-hyderabad-warangal-alappuzha-kottayam-thiruvananthapuram-kollam-at-wemakescholars-4436145227,"Academic Counselor in Karnataka, Kannur, Tiruchipalli, Hyderabad, Kochi, Udupi, Hyderabad, Warangal, Alappuzha, Kottayam, Thiruvananthapuram, Kollam",,scraped,2026-07-07T02:26:10.215760,
3e3392b48c23c0ed,https://in.linkedin.com/jobs/view/pricing-analyst-at-ibm-4432325566,Pricing Analyst,IBM,posted,2026-07-07T02:26:35.233847,239
2121869468c53740,https://in.linkedin.com/jobs/view/gtm-content-development-specialist-at-ey-4423636081,GTM Content Development Specialist,EY,posted,2026-07-07T02:26:45.861005,241
4564c936cc079bca,https://in.linkedin.com/jobs/view/senior-business-immigration-analyst-at-fragomen-4437174458,Senior Business Immigration Analyst,Fragomen,posted,2026-07-07T02:26:55.211708,243
5a8684d4e276d78e,https://in.linkedin.com/jobs/view/business-development-executive-at-incer-a-strategy-led-influencer-marketing-agency-4435398491,Business Development Executive,,scraped,2026-07-07T02:26:58.061944,
2c50d287be6c1657,https://in.linkedin.com/jobs/view/front-office-manager-at-alila-hotels-4427028091,Front Office Manager,Alila Hotels,posted,2026-07-07T02:27:19.764751,245
082fcb4b61f7b7cc,https://in.linkedin.com/jobs/view/senior-associate-at-par-health-4414691051,Senior Associate,,scraped,2026-07-07T02:27:22.656751,
191311f87464fe1a,https://in.linkedin.com/jobs/view/mechanical-supervisor-at-sinclus-4432322349,Mechanical Supervisor,,scraped,2026-07-07T02:27:35.811352,
82d1cfe6e5738846,https://in.linkedin.com/jobs/view/team-leader-lrm-nellore-at-one97-communications-limited-4436208066,Team Leader - LRM - Nellore,,scraped,2026-07-07T02:28:47.791165,
1a4d1a6d4fd5e706,https://in.linkedin.com/jobs/view/buffing-technician-at-qls-biocelsius-4435064169,Buffing Technician,,scraped,2026-07-07T02:29:59.318012,
0919623a1eb68b7c,https://in.linkedin.com/jobs/view/design-technical-manager-data-centres-at-digitus-group-4436991357,"Design & Technical Manager, Data Centres",,scraped,2026-07-07T02:30:06.165757,
00500543dd987dd7,https://in.linkedin.com/jobs/view/regulatory-and-clinical-business-analyst-at-infosys-4435721201,Regulatory and Clinical Business Analyst,Infosys,posted,2026-07-07T02:30:47.815033,247
71d5d367e4d924c4,https://in.linkedin.com/jobs/view/women-scientists-scheme-wos-for-the-age-group-of-27-57-years-by-dst-india-at-researchersjob-4436797441,"Women Scientists Scheme (WOS) for the age group of 27-57 years by DST, India",,scraped,2026-07-07T02:30:50.804726,
053c86b958ea43dd,https://in.linkedin.com/jobs/view/accountant-gl-accounting-at-ima-india-4437104906,Accountant -GL Accounting,,scraped,2026-07-07T02:31:06.717020,
47d016d45dbe0d45,https://in.linkedin.com/jobs/view/software-engineer-at-cisco-4437172017,Software Engineer,,scraped,2026-07-07T02:32:18.787304,
21a5addbb1a9a837,https://in.linkedin.com/jobs/view/global-banking-markets-operations-txb-client-service-analyst-bengaluru-at-goldman-sachs-4436093485,Global Banking & Markets Operations - TxB Client Service - Analyst - Bengaluru,,scraped,2026-07-07T02:32:41.475428,
d5d81c312318dc75,https://in.linkedin.com/jobs/view/accountant-at-ima-india-4437104894,Accountant,,scraped,2026-07-07T02:33:02.299253,
43bed456a4b71216,https://in.linkedin.com/jobs/view/design-engineer-at-raksha-elite-solutions-raksha-prime-4437164718,Design Engineer,Raksha Elite Solutions (Raksha Prime),posted,2026-07-07T02:33:20.547172,249
0b278651e9f635a7,https://in.linkedin.com/jobs/view/applied-biology-researcher-at-purna-ai-4436206975,Applied Biology Researcher,,scraped,2026-07-07T02:33:23.248998,
99eb1df09547a521,https://in.linkedin.com/jobs/view/sourcing-merchandiser-%E2%80%93-kidswear-at-kidbea%C2%AE-4435785973,Sourcing Merchandiser – Kidswear,,scraped,2026-07-07T02:33:29.513533,
852e556e5c18df80,https://in.linkedin.com/jobs/view/human-resources-operations-specialist-at-rac-it-solutions-4435786270,Human Resources Operations Specialist,RAC IT Solutions,posted,2026-07-07T02:33:46.575713,251
804dbf287c56be4f,https://in.linkedin.com/jobs/view/sales-specialist-automation-at-abb-4436902601,Sales Specialist - Automation,,scraped,2026-07-07T02:33:49.493643,
9ca969dbbe31bb09,https://in.linkedin.com/jobs/view/accountant-at-scoutit-4436097573,Accountant,,scraped,2026-07-07T02:33:57.089210,
3de3a126353deed7,https://in.linkedin.com/jobs/view/medical-scribe-freelancer-at-deccan-ai-experts-4437144761,Medical Scribe (Freelancer),,scraped,2026-07-07T02:34:03.303330,
348c4e8591bb11f3,https://in.linkedin.com/jobs/view/site-engineer-at-sri-trisul-engineering-solutions-4436949521,Site Engineer,,scraped,2026-07-07T02:34:10.557157,
8adcd7e2a35d2735,https://in.linkedin.com/jobs/view/product-manager-at-deccan-ai-4437144956,Product Manager,,scraped,2026-07-07T02:34:17.484832,
92b70d4979354b66,https://in.linkedin.com/jobs/view/software-developer-at-scoutit-4436204057,Software Developer,,scraped,2026-07-07T02:34:44.039527,
88eb18bc279af5ed,https://in.linkedin.com/jobs/view/new-product-development-specialist-food-technology-at-wellversed-4436058763,New Product Development Specialist (Food Technology),,scraped,2026-07-07T02:34:50.271315,
ac5a89a567a54173,https://in.linkedin.com/jobs/view/associate-vice-president-client-engagement-hi-tech-at-mphasis-4436220840,Associate Vice President - Client Engagement (Hi-Tech),,scraped,2026-07-07T02:34:57.408811,
6d660d8fac13119f,https://in.linkedin.com/jobs/view/technical-program-manager-data-center-at-google-4427202799,"Technical Program Manager, Data Center",,scraped,2026-07-07T02:35:04.146587,
a4e56818dbb6b735,https://in.linkedin.com/jobs/view/support-proj-admin-security-at-aditya-birla-group-4434627447,Support Proj Admin & Security,,scraped,2026-07-07T02:36:22.624076,
d55ae23207ae024a,https://in.linkedin.com/jobs/view/housekeeping-supervisor-at-dustino-cleaning-solutions-llp-4436220208,Housekeeping Supervisor,,scraped,2026-07-07T02:36:30.994129,
593a4f7e5051a817,https://in.linkedin.com/jobs/view/jr-manager-at-associated-alcohols-breweries-ltd-4416551168,Jr. Manager,,scraped,2026-07-07T02:36:37.111712,
c925b5d0e91cc3a2,https://in.linkedin.com/jobs/view/executive-return-repair-at-siemens-4433700090,Executive- Return & Repair,Siemens,posted,2026-07-07T02:36:55.796606,253
01172b76aa6fc100,https://in.linkedin.com/jobs/view/business-development-representative-at-leadroad-4433952787,Business Development Representative,,scraped,2026-07-07T02:36:58.691064,
a73621309cdc90c8,https://in.linkedin.com/jobs/view/territory-service-representative-at-blue-dart-4435815320,Territory Service Representative,Blue Dart,posted,2026-07-07T02:37:40.120467,255
74276e543785455e,https://in.linkedin.com/jobs/view/research-associate-4436028989,Research Associate,PACWIN,posted,2026-07-07T02:37:48.144419,257
d787aa5e21e78c96,https://in.linkedin.com/jobs/view/assistant-manager-e-zone-at-agratas-%E2%80%93-a-tata-enterprise-4426746126,Assistant Manager - E Zone,,scraped,2026-07-07T02:37:50.808408,
8f4dbb4e3edf12ce,https://in.linkedin.com/jobs/view/project-manager-greater-visakhapatnam-mayors-challenge-sdg-local-action-open-to-internal-and-external-applicants-at-undp-careers-4436347398,"Project Manager - Greater Visakhapatnam Mayors Challenge, SDG Local Action (Open to internal and external applicants)",UNDP Careers,posted,2026-07-07T02:38:08.623951,259
6955a26dd289e2b3,https://in.linkedin.com/jobs/view/project-operations-executive-l1-at-wipro-4436736493,PROJECT OPERATIONS EXECUTIVE L1,,scraped,2026-07-07T02:38:11.540814,
2fccb31eb42e8fdc,https://in.linkedin.com/jobs/view/frontend-web-developer-html-css-remote-at-hire-feed-4437184948,"Frontend Web Developer - HTML,CSS (Remote)",,scraped,2026-07-07T02:38:18.611928,
6586056c3204fdd3,https://in.linkedin.com/jobs/view/customer-relationship-manager-at-ujjivan-small-finance-bank-4436971154,Customer Relationship Manager,,scraped,2026-07-07T02:38:26.080478,
d28f6aa6e9463c0e,https://in.linkedin.com/jobs/view/customer-relationship-manager-at-ujjivan-small-finance-bank-4436941632,Customer Relationship Manager,,scraped,2026-07-07T02:38:34.141718,
78d557ac152d65ca,https://in.linkedin.com/jobs/view/customer-relationship-manager-at-ujjivan-small-finance-bank-4436956078,Customer Relationship Manager,,scraped,2026-07-07T02:38:41.634602,
f410b179b0518aab,https://in.linkedin.com/jobs/view/customer-relationship-manager-at-ujjivan-small-finance-bank-4436943521,Customer Relationship Manager,Ujjivan Small Finance Bank,posted,2026-07-07T02:40:31.723256,261
33493ec3c6f335f3,https://in.linkedin.com/jobs/view/executive-purchase-at-nayanta-university-4436958204,Executive - Purchase,Nayanta University,posted,2026-07-07T02:40:43.375102,263
e665ac7dde771a8e,https://in.linkedin.com/jobs/view/brand-manager-at-chandigarh-university-hr-department-4436954048,Brand Manager,,scraped,2026-07-07T02:40:46.361495,
5d7cd8ece5b51220,https://in.linkedin.com/jobs/view/territory-manager-personal-loan-direct-sales-team-at-idfc-first-bank-4436096929,Territory Manager-Personal Loan (Direct Sales Team),,scraped,2026-07-07T02:40:55.823071,
06b076b39fc374a2,https://in.linkedin.com/jobs/view/business-intelligence-analyst-at-cummins-india-4436227108,Business Intelligence Analyst,Cummins India,posted,2026-07-07T02:41:13.915420,265
9ab3c2150016e86c,https://in.linkedin.com/jobs/view/data-scientist-part-time-equity-only-at-pd-consulting-4435750000,"Data Scientist (Part-time, Equity only)",,scraped,2026-07-07T02:41:16.613918,
7f5aa4812038ffba,https://in.linkedin.com/jobs/view/regular-faculties-positions-at-lady-shri-ram-college-for-women-university-of-delhi-india-at-researchersjob-4436799357,"Regular Faculties Positions at Lady Shri Ram College for Women, University of Delhi, India",,scraped,2026-07-07T02:41:23.373578,
b3432989d78b3dc2,https://in.linkedin.com/jobs/view/recruiting-analyst-at-accenture-in-india-4437447244,Recruiting Analyst,Accenture in India,scraped,2026-07-07T02:42:52.155956,
eacc8a8928673ce8,https://in.linkedin.com/jobs/view/recruiting-analyst-at-accenture-in-india-4437444401,Recruiting Analyst,Accenture in India,scraped,2026-07-07T02:42:58.065768,
21773d2eb91690f1,https://in.linkedin.com/jobs/view/recruiting-analyst-at-accenture-in-india-4437431637,Recruiting Analyst,Accenture in India,scraped,2026-07-07T02:43:03.989703,
d3ec74d85958d40b,https://in.linkedin.com/jobs/view/manager-renewals-management-at-highspot-4437430124,"Manager, Renewals Management",,scraped,2026-07-07T02:43:06.785915,
8d57e408f0b04910,https://in.linkedin.com/jobs/view/freelance-frontend-developer-landing-pages-websites-at-mindrift-4437174770,Freelance Frontend Developer (Landing Pages & Websites),,scraped,2026-07-07T02:43:19.444357,
1125e5d49876c9f6,https://in.linkedin.com/jobs/view/sr-product-manager-at-target-4436062627,Sr Product Manager,Target,posted,2026-07-07T02:43:40.417907,267
64cd761c9b26fbbf,https://in.linkedin.com/jobs/view/customer-care-representative-at-ujjivan-small-finance-bank-4437447444,Customer Care Representative,,scraped,2026-07-07T02:43:43.173969,
577f61647e0cc32f,https://in.linkedin.com/jobs/view/operations-associate-at-scoutit-4436093653,Operations Associate,,scraped,2026-07-07T02:43:50.711539,
0a0f8a2672b2d89f,https://in.linkedin.com/jobs/view/junior-business-development-executive-in-kottayam-warada-nashik-bangalore-mangloor-alwal-nagpur-kasaragod-hubli-hyderabad-kollam-thrissur-secunderabad-malappuram-at-wemakescholars-4436798933,"Junior Business Development Executive in Kottayam, Warada, Nashik, Bangalore, Mangloor, Alwal, Nagpur, Kasaragod, Hubli, Hyderabad, Kollam, Thrissur, Secunderabad, Malappuram",,scraped,2026-07-07T02:45:00.660947,
8d4cd385b4c0fd35,https://in.linkedin.com/jobs/view/data-modeler-at-accenture-in-india-4431970193,Data Modeler,Accenture in India,posted,2026-07-07T02:47:25.181179,269
3e1d47063df16599,https://in.linkedin.com/jobs/view/account-manager-un-at-airtel-4396654965,Account Manager-UN,airtel,posted,2026-07-07T02:48:12.791752,271
e62ba24602733b7e,https://in.linkedin.com/jobs/view/relationship-manager-unnati-mbl-at-idfc-first-bank-4435410901,Relationship Manager - Unnati MBL,,scraped,2026-07-07T02:48:15.403068,
a9074afe305e70fc,https://in.linkedin.com/jobs/view/academic-counselor-in-karnataka-kannur-tiruchipalli-hyderabad-kochi-udupi-hyderabad-warangal-alappuzha-kottayam-thiruvananthapuram-kollam-at-wemakescholars-4436136406,"Academic Counselor in Karnataka, Kannur, Tiruchipalli, Hyderabad, Kochi, Udupi, Hyderabad, Warangal, Alappuzha, Kottayam, Thiruvananthapuram, Kollam",,scraped,2026-07-07T02:48:23.465332,
437e548dda51d5e0,https://in.linkedin.com/jobs/view/financial-officer-in-kottayam-nagpur-nashik-bangalore-bidar-malappuram-kasaragod-hyderabad-kochi-alappuzha-kollam-mangalore-dharwad-secunderabad-thrissur-at-wemakescholars-4436978316,"Financial Officer in Kottayam, Nagpur, Nashik, Bangalore, Bidar, Malappuram, Kasaragod, Hyderabad, Kochi, Alappuzha, Kollam, Mangalore, Dharwad, Secunderabad, Thrissur",,scraped,2026-07-07T02:48:32.526685,
edf6220a82b2f50c,https://in.linkedin.com/jobs/view/servicenow-integration-hub-now-assist-ai-agent-conversational-at-tata-consultancy-services-4436247763,ServiceNow - Integration Hub & Now Assist AI Agent & Conversational,Tata Consultancy Services,posted,2026-07-07T02:49:54.302641,273
8e51cdeae971e485,https://in.linkedin.com/jobs/view/branch-credit-manager-at-idfc-first-bank-4435450631,Branch Credit Manager,,scraped,2026-07-07T02:49:56.951288,
91842794e6232ec1,https://in.linkedin.com/jobs/view/sap-specialist-at-tata-consultancy-services-4436032980,SAP Specialist,Tata Consultancy Services,posted,2026-07-07T02:50:14.258717,275
e2c1b58139f079b6,https://in.linkedin.com/jobs/view/technician-at-sun-pharma-4433145883,Technician,SUN PHARMA,posted,2026-07-07T02:50:28.107605,277
